/*--------------------DATABASE POPULATION------------------------*/
insert into employee values(014364,'Taylor','Nelson',17.85);
insert into employee values(018580,'John','Smith',17.85);
insert into employee values(014987,'Jermel','Simmons',14.00);
insert into employee values(019230,'Mike','Thompson',17.85);
insert into employee values(014855,'Allan','Jones',14.00);

insert into entity values('742FA','Floor');
insert into entity values('742FB','Floor');
insert into entity values('742FC','Floor');
insert into entity values('742FD','Floor');
insert into entity values('742FE','Floor');
insert into entity values('742FF','Floor');
insert into entity values('742FG','Floor');
insert into entity values('742FH','Floor');
insert into entity values('742FI','Floor');
insert into entity values('742FJ','Floor');
insert into entity values('742FK','Floor');
insert into entity values('742FL','Floor');
insert into entity values('742FM','Floor');
insert into entity values('742FN','Floor');
insert into entity values('742FP','Floor');
insert into entity values('742FQ','Floor');
insert into entity values('742FR','Floor');
insert into entity values('742FS','Floor');
insert into entity values('742FT','Floor');
insert into entity values('742FU','Floor');
insert into entity values('742FV','Floor');
insert into entity values('742FW','Floor');
insert into entity values('742FX','Floor');
insert into entity values('742F1','Floor');
insert into entity values('742F2','Floor');
insert into entity values('742F3','Floor');
insert into entity values('742F4','Floor');
insert into entity values('742F5','Floor');
insert into entity values('742F6','Floor');
insert into entity values('742F7','Floor');
insert into entity values('742F8','Floor');
insert into entity values('742F9','Floor');

insert into entity values('5888','Trailer');
insert into entity values('148015','Trailer');
insert into entity values('148006','Trailer');
insert into entity values('843','Trailer');
insert into entity values('846','Trailer');
insert into entity values('852','Trailer');
insert into entity values('5029','Trailer');
insert into entity values('3058','Trailer');
INSERT INTO entity VALUES('148126','Trailer');
INSERT INTO entity VALUES('148056','Trailer');
INSERT INTO entity VALUES('480135','Trailer');

insert into entity values('RIC','Terminal');
insert into entity values('RKE','Terminal');
insert into entity values('CLT','Terminal');
insert into entity values('ATL','Terminal');
insert into entity values('NFK','Terminal');
insert into entity values('FRD','Terminal');

insert into entity values('DNTN','Route');
insert into entity values('ZXTN','Route');
insert into entity values('PETE','Route');
insert into entity values('APPT','Route');

insert into shipment values(65613541,'18-MAR-17',83, 74.53);
insert into shipment values(39247393,'18-MAR-17',302, 110.53);
insert into shipment values(97413454,NULL,2583, 587.34);
insert into shipment values(95503108,NULL,633, 245.09);
insert into shipment values(48172764,'18-MAR-17',947, 388.92);
insert into shipment values(95503090,NULL,1035, 400.17);

insert into shipmentCondition values(65613541,0,0,0);
insert into shipmentCondition values(39247393,0,0,0);
insert into shipmentCondition values(97413454,2,0,0);
insert into shipmentCondition values(95503108,0,1,0);
insert into shipmentCondition values(48172764,0,0,0);
insert into shipmentCondition values(95503090,0,0,1);

insert into address values(AddressID_seq.nextval,'1831 Boulevard W', 'Richmond', 23220, 'VA');
insert into address values(AddressID_seq.nextval,'115 E Cary st', 'Richmond', 23214, 'VA');
insert into address values(AddressID_seq.nextval,'1900 Meadowville Technlogy Pkwy', 'Richmond', 23836, 'VA');
insert into address values(AddressID_seq.nextval,'1600 Continental Blvd','South Chesterfield', 23834, 'VA');
insert into address values(AddressID_seq.nextval,'UNKNOWN', 'Sandston', 23150, 'VA');
insert into address values(AddressID_seq.nextval,'2601 Swineford Rd', 'North Chesterfield', 23237, 'VA');
insert into address values(AddressID_seq.nextval,'1712 Plantation Rd', 'Roanoke', 24012, 'VA');
insert into address values(AddressID_seq.nextval,'7500 Statesville Rd', 'Charlotte', 28269, 'NC');
insert into address values(AddressID_seq.nextval,'6125 Duquesne Dr SW', 'Atlanta', 30336, 'GA');
insert into address values(AddressID_seq.nextval,'1005 Enterprise Cir', 'Chesapeake', 23321, 'VA');
insert into address values(AddressID_seq.nextval,'18 Powell Lane', 'Fredericksburg', 22406, 'VA');

insert into LoadEvent values(EventID_seq.nextval, '17-MAR-17',65613541);
insert into LoadEvent values(EventID_seq.nextval, '17-MAR-17',39247393);
insert into LoadEvent values(EventID_seq.nextval, '17-MAR-17',97413454);
insert into LoadEvent values(EventID_seq.nextval, '17-MAR-17',95503108);
insert into LoadEvent values(EventID_seq.nextval, '17-MAR-17',48172764);
insert into LoadEvent values(EventID_seq.nextval, '17-MAR-17',95503090);

insert into Terminal values('RIC',6);
insert into Terminal values('RKE',7);
insert into Terminal values('CLT',8);
insert into Terminal values('ATL',9);
insert into Terminal values('NFK',10);
insert into Terminal values('FRD',11);

insert into Customer values(7421851,'Elegant Draperies', 1);
insert into Customer values(7422846,'Foley Company', 3);
insert into Customer values(7421978,'Medline Industries', 2);
insert into Customer values(7422383,'Sun Chemical Corporation', 4);
insert into Customer values(7429683,'Henry Schein Animal Health', 5);

insert into CustomerInteractions values(65613541,7421851,7421851,7421851);
insert into CustomerInteractions values(39247393,7422846,7422846,7422846);
insert into CustomerInteractions values(97413454,7421978,7421978,7421978);
insert into CustomerInteractions values(95503108,7421978,7421978,7421978);
insert into CustomerInteractions values(48172764,7422383,7421851,7421851);
insert into CustomerInteractions values(95503090,7429683,7429683,7429683);

insert into Door VALUES('RIC',1,NULL);
insert into Door VALUES('RIC',2,'480135');
insert into Door VALUES('RIC',3,NULL);
insert into Door VALUES('RIC',4,NULL);
insert into Door VALUES('RIC',5,NULL);
insert into Door VALUES('RIC',6,NULL);
insert into Door VALUES('RIC',7,NULL);
insert into Door VALUES('RIC',8,NULL);
insert into Door VALUES('RIC',9,NULL);
insert into Door VALUES('RIC',10,NULL);
insert into Door VALUES('RIC',11,NULL);
insert into Door VALUES('RIC',12,'148056');
insert into Door VALUES('RIC',13,NULL);
insert into Door VALUES('RIC',14,NULL);
insert into Door VALUES('RIC',15,'5029');
insert into Door VALUES('RIC',16,NULL);
insert into Door VALUES('RIC',17,NULL);
insert into Door VALUES('RIC',18,NULL);
insert into Door VALUES('RIC',19,NULL);
insert into Door VALUES('RIC',20,NULL);
insert into Door VALUES('RIC',21,'148126');
insert into Door VALUES('RIC',22,NULL);
insert into Door VALUES('RIC',23,NULL);
insert into Door VALUES('RIC',24,NULL);
insert into Door VALUES('RIC',25,NULL);
insert into Door VALUES('RIC',26,'148006');
insert into Door VALUES('RIC',27,NULL);
insert into Door VALUES('RIC',28,NULL);
insert into Door VALUES('RIC',29,NULL);
insert into Door VALUES('RIC',30,'3058');
insert into Door VALUES('RIC',31,NULL);
insert into Door VALUES('RIC',32,NULL);
insert into Door VALUES('RIC',33,NULL);
insert into Door VALUES('RIC',34,'148015');
insert into Door VALUES('RIC',35,'5888');
insert into Door VALUES('RIC',36,NULL);
insert into Door VALUES('RIC',37,NULL);
insert into Door VALUES('RIC',38,NULL);
insert into Door VALUES('RIC',39,NULL);
insert into Door VALUES('RIC',40,NULL);
insert into Door VALUES('RIC',41,NULL);
insert into Door VALUES('RIC',42,NULL);
insert into Door VALUES('RIC',43,NULL);
insert into Door VALUES('RIC',44,NULL);
insert into Door VALUES('RIC',45,NULL);
insert into Door VALUES('RIC',46,NULL);
insert into Door VALUES('RIC',47,NULL);
insert into Door VALUES('RIC',48,NULL);
insert into Door VALUES('RIC',49,NULL);
insert into Door VALUES('RIC',50,NULL);
insert into Door VALUES('RIC',51,NULL);

insert into LineHaulTravel VALUES(3058,'CLT','03-MAR-17','RIC');
insert into LineHaulTravel VALUES(148126,'RIC','03-MAR-17','RKE');
insert into LineHaulTravel VALUES(5029,'RIC','03-MAR-17','FRD');
insert into LineHaulTravel VALUES(5888,'RIC','03-MAR-17','ATL');
insert into LineHaulTravel VALUES(3058,'RIC','03-MAR-17','CLT');

insert into CityHaulRoute VALUES('843','DNTN');
insert into CityHaulRoute VALUES('480135','ZXTN');
insert into CityHaulRoute VALUES('148015','PETE');
insert into CityHaulRoute VALUES('148056','APPT');

insert into EmployeeWorkPlace VALUES(014364,'RIC');
insert into EmployeeWorkPlace VALUES(018580,'RIC');
insert into EmployeeWorkPlace VALUES(014987,'RIC');
insert into EmployeeWorkPlace VALUES(019230,'RIC');
insert into EmployeeWorkPlace VALUES(014855,'RIC');

insert into FloorContents VALUES(95503108,'742FU','RIC');
insert into FloorContents VALUES(97413454,'742FU','RIC');

insert into ShipmentTravels VALUES(65613541,'CLT','RIC','74FU');
insert into ShipmentTravels VALUES(39247393,'CLT','RIC','RIC');
insert into ShipmentTravels VALUES(95503108,'CLT','RIC','RIC');
insert into ShipmentTravels VALUES(97413454,'CLT','RIC','RIC');

insert into shipmentLoose VALUES(65613541,0,0);
insert into shipmentLoose VALUES(39247393,0,0);
insert into shipmentLoose VALUES(97413454,0,0);
insert into shipmentLoose VALUES(95503108,0,0);
insert into shipmentLoose VALUES(48172764,0,0);
insert into shipmentLoose VALUES(95503090,0,0);

insert into TerminalTrailers VALUES('RIC','843');
insert into TerminalTrailers VALUES('RIC','846');
insert into TerminalTrailers VALUES('RIC','852');

insert into shipmentPallets VALUES(PalletID_seq.nextval,65613541,83,1);
insert into shipmentPallets VALUES(PalletID_seq.nextval,97413454,369,1);
insert into shipmentPallets VALUES(PalletID_seq.nextval,97413454,1002,1);
insert into shipmentPallets VALUES(PalletID_seq.nextval,97413454,369,1);
insert into shipmentPallets VALUES(PalletID_seq.nextval,97413454,458,1);
insert into shipmentPallets VALUES(PalletID_seq.nextval,97413454,205,1);
insert into shipmentPallets VALUES(PalletID_seq.nextval,97413454,369,1);
insert into shipmentPallets VALUES(PalletID_seq.nextval,97413454,136,1);
insert into shipmentPallets VALUES(PalletID_seq.nextval,48172764,402,1);
insert into shipmentPallets VALUES(PalletID_seq.nextval,48172764,545,1);

insert into TerminalFloors VALUES('RIC','742FA');
insert into TerminalFloors VALUES('RIC','742FB');
insert into TerminalFloors VALUES('RIC','742FC');
insert into TerminalFloors VALUES('RIC','742FD');
insert into TerminalFloors VALUES('RIC','742FE');
insert into TerminalFloors VALUES('RIC','742FF');
insert into TerminalFloors VALUES('RIC','742FG');
insert into TerminalFloors VALUES('RIC','742FH');
insert into TerminalFloors VALUES('RIC','742FI');
insert into TerminalFloors VALUES('RIC','742FJ');
insert into TerminalFloors VALUES('RIC','742FK');
insert into TerminalFloors VALUES('RIC','742FL');
insert into TerminalFloors VALUES('RIC','742FM');
insert into TerminalFloors VALUES('RIC','742FN');
insert into TerminalFloors VALUES('RIC','742FP');
insert into TerminalFloors VALUES('RIC','742FQ');
insert into TerminalFloors VALUES('RIC','742FR');
insert into TerminalFloors VALUES('RIC','742FS');
insert into TerminalFloors VALUES('RIC','742FT');
insert into TerminalFloors VALUES('RIC','742FU');
insert into TerminalFloors VALUES('RIC','742FV');
insert into TerminalFloors VALUES('RIC','742FW');
insert into TerminalFloors VALUES('RIC','742FX');
insert into TerminalFloors VALUES('RIC','742F1');
insert into TerminalFloors VALUES('RIC','742F2');
insert into TerminalFloors VALUES('RIC','742F3');
insert into TerminalFloors VALUES('RIC','742F4');
insert into TerminalFloors VALUES('RIC','742F5');
insert into TerminalFloors VALUES('RIC','742F6');
insert into TerminalFloors VALUES('RIC','742F7');
insert into TerminalFloors VALUES('RIC','742F8');
insert into TerminalFloors VALUES('RIC','742F9');

insert into EventEmployees VALUES(1, 014364);
insert into EventEmployees VALUES(2, 018580);
insert into EventEmployees VALUES(3, 014987);
insert into EventEmployees VALUES(4, 019230);
insert into EventEmployees VALUES(5, 014855);
insert into EventEmployees VALUES(6, 014364);